Pierrette Ashcroft,ProductivityDC
SPECIAL EDITION - The Trigg Life Mapper,
Chad Bostick,chadbostick
Martin St. Macary,saintmac
Erik Jenks,Erik_Jenks
Mike Rohde,Rohdesign
TJ Luoma,tjluoma
Carl Pullein,carl_pullein
Saron Yitbarek,saronyitbarek
Kari Beaulieu,KariBeaulieu_
Lucas Miles,LucasMiles
Kenneth Love,KennethLove
Nadir Omowale,Nadir_Omowhale
Lee Stetson,stetsonthree
Matt Cassinelli,MattCassinelli
Craig Harrison,crh_photography
Craig Lang,cmlang
Nick Foscolos,foscolosnick
Tiffany White,TiffanyW_412
Francesco D'Alessio,francesod_ales
Lucas Pate,lucastpate
Maurice Cherry,MauriceCherry
Anthony Gauna,_anthonygauna
Thermon "Big Therm" Trotman,@ema_therm
Madalyn Sklar,MadalynSklar
Wilsar Johnson,callmewilsar
Shayna,Oliveira,
Alex Esparza,AlexESD1
Shawn Razek,Vista_list
Jamal Hansen,jamahans
Gregory Brown,practicingdev
James Studdart,JamesStuddart
Joe Zack,thejoezack
Mike Schmitz,bobbleheadjoe
George Spasov,gspasov
Tim Stringer,Tim Stringer
Scott Friesen,ScottDFriesen
John Sonmez,Jsonmez
Bakari Chavanu,bakarichavanu
Mike Vardy,mikevardy
App Showcase: Sorted,
LaToya Allen,shenomads
April Wensel,aprilwensel
Kenneth Rotter,DumbellsDragon
Brett Terpstra,ttscoff
Parker Klein,parkeraklein
Joe Buhlig,JoeBuhlig
